游戏机制控制开关,"冰块难度配置（冰块词语的数量）
轻度_中度_重度","固定关卡出冰块
*0轻度 *1中度 *2重度","区间困难关出冰块
1#困难关  2#极难关    !表示无穷大

*0表示轻度   *1表示中度 *2表示重度",固定关卡出叶子,"循环关卡出叶子
关卡个位数配置","叶子奖励配置
*0,金币；*11，蝶蛹；*12，禅意值
n=当前关卡的成语数量","花骨朵难度配置（花骨朵的数量）
轻度_中度_重度","花朵消除控制

初始值_最小值","固定关卡出花骨朵
*0轻度 *1中度 *2重度","区间 困难关 出花骨朵
1#困难关  2#极难关   ",,,,,,,,,,,
"冰块开关_叶子开关_花骨朵开关；
0关闭，关闭时，元素出现规则和关卡文件中的元素同时都不生效
1开启",轻度，M=2；中度，M=5；重度，M=7,"23关 轻度，首出
28关 轻度
33关 轻度","40~55 的困难关 轻度
105\125\155\185的困难关 轻度
190之后的困难关 中度

40~50 的极难关 轻度
60~120的极难关 中度
120之后的极难关 重度

","首次出现在第38关
",每逢个位数是 3和8的关卡固定出现,"养成完成前，用前面一段的配置；
2只，5个金币；
5只，1个蝉蛹；
n-1只，50点莲花值；（若n＜10则此奖励不展示）该叶子道具得到后，不会立即释放；

养成完成后，用后一段的配置；","轻度：m=6
中度：m=8
重度：m=10","答对成语时，消除于其最近的Y朵花；若该成语里有花，也一并全部消除；
当每消除2次花骨朵，Y-1(固定规则，写死不做控制）；
Y最小=1；
Y初始=2；","62关，首出花骨朵，轻度
66关，轻度","
65~145，困难关，轻度
150~300，困难关，中度
300之后，困难关，重度",,,,,,,,,,,
MechanicsSwitch,IceDegree,IceLevelTime,IceCycleTime,BfLevelTime,BfCycleTime,BfAward,FlowerDegree,FlowerRemove,FlowerLevelTime,FlowerCycleTime,,,,,,,,,,,
1_1_1,2_4_6,23_0;28_0;33_0;105_0;125_0;155_0;185_0,1#40_55*0;1#190_!*1;2#40_50*0;2#60_120*1;2#120_!*2,38,3_8,2#5*0;5#1*11;n-1#50*12_2#5*0;5#20*12;n-1#50*12,6_8_10,2_1,62_0;66_0,1#65_145*0;1#150_300*1;1#300_!*2,,,,,,,,,,,