日期,活动标签,星期,法定节日关联,,,,,,,,,,,,,,,,
Date,Label,这列忽略,这列忽略,,,,,,,,,,,,,,,,
2026/9/19,周末,周六,-,,,,,,,,,,,,,,,,
2026/9/20,周末,周日,-,,,,,,,,,,,,,,,,
2026/9/25,中秋节,,,,,,,,,,,,,,,,,,
2026/9/26,中秋节,周六,中秋节(期间内),,,,,,,,,,,,,,,,
2026/9/27,中秋节,周日,中秋节(期间内),,,,,,,,,,,,,,,,
2026/10/1,国庆节,,,,,,,,,,,,,,,,,,
2026/10/2,国庆节,,,,,,,,,,,,,,,,,,
2026/10/3,国庆节,周六,国庆节(期间内),,,,,,,,,,,,,,,,
2026/10/10,周末,周六,-,,,,,,,,,,,,,,,,
2026/10/11,周末,周日,-,,,,,,,,,,,,,,,,
2026/10/17,周末,周六,-,,,,,,,,,,,,,,,,
2026/10/18,重阳节,周日,-,,,,,,,,,,,,,,,,
2026/10/24,周末,周六,-,,,,,,,,,,,,,,,,
2026/10/25,周末,周日,-,,,,,,,,,,,,,,,,
2026/10/31,周末,周六,-,,,,,,,,,,,,,,,,
2026/11/1,周末,周日,-,,,,,,,,,,,,,,,,
2026/11/7,立冬,周六,-,,,,,,,,,,,,,,,,
2026/11/8,周末,周日,-,,,,,,,,,,,,,,,,
2026/11/14,周末,周六,-,,,,,,,,,,,,,,,,
2026/11/15,周末,周日,-,,,,,,,,,,,,,,,,
2026/11/21,周末,周六,-,,,,,,,,,,,,,,,,
2026/11/22,周末,周日,-,,,,,,,,,,,,,,,,
2026/11/28,周末,周六,-,,,,,,,,,,,,,,,,
2026/11/29,周末,周日,-,,,,,,,,,,,,,,,,
2026/12/5,周末,周六,-,,,,,,,,,,,,,,,,
2026/12/6,周末,周日,-,,,,,,,,,,,,,,,,
2026/12/12,周末,周六,-,,,,,,,,,,,,,,,,
2026/12/13,周末,周日,-,,,,,,,,,,,,,,,,
2026/12/19,周末,周六,-,,,,,,,,,,,,,,,,
2026/12/20,周末,周日,-,,,,,,,,,,,,,,,,
2026/12/26,周末,周六,-,,,,,,,,,,,,,,,,
2026/12/27,周末,周日,-,,,,,,,,,,,,,,,,
2027/1/1,元旦,,,,,,,,,,,,,,,,,,
2027/1/2,元旦,周六,元旦(期间内),,,,,,,,,,,,,,,,
2027/1/3,元旦,周日,元旦(期间内),,,,,,,,,,,,,,,,
2027/1/9,周末,周六,-,,,,,,,,,,,,,,,,
2027/1/10,周末,周日,-,,,,,,,,,,,,,,,,
2027/1/16,周末,周六,-,,,,,,,,,,,,,,,,
2027/1/17,周末,周日,-,,,,,,,,,,,,,,,,
2027/1/23,周末,周六,-,,,,,,,,,,,,,,,,
2027/1/24,周末,周日,-,,,,,,,,,,,,,,,,
2027/1/30,小年,周六,-,,,,,,,,,,,,,,,,
2027/1/31,周末,周日,-,,,,,,,,,,,,,,,,
2027/2/6,春节,周六,春节(期间内),,,,,,,,,,,,,,,,
2027/2/7,春节,周日,春节(期间内),,,,,,,,,,,,,,,,
2027/2/8,春节,,,,,,,,,,,,,,,,,,
2027/2/13,周末,周六,春节(期间内),,,,,,,,,,,,,,,,
2027/2/14,周末,周日,-,,,,,,,,,,,,,,,,
2027/2/20,元宵节,周六,-,,,,,,,,,,,,,,,,
2027/2/21,周末,周日,-,,,,,,,,,,,,,,,,
2027/2/27,周末,周六,-,,,,,,,,,,,,,,,,
2027/2/28,周末,周日,-,,,,,,,,,,,,,,,,
2027/3/6,周末,周六,-,,,,,,,,,,,,,,,,
2027/3/7,周末,周日,-,,,,,,,,,,,,,,,,
2027/3/13,周末,周六,-,,,,,,,,,,,,,,,,
2027/3/14,周末,周日,-,,,,,,,,,,,,,,,,
2027/3/20,周末,周六,-,,,,,,,,,,,,,,,,
2027/3/21,周末,周日,-,,,,,,,,,,,,,,,,
2027/3/27,周末,周六,-,,,,,,,,,,,,,,,,
2027/3/28,周末,周日,-,,,,,,,,,,,,,,,,
2027/4/10,周末,周六,-,,,,,,,,,,,,,,,,
2027/4/11,周末,周日,-,,,,,,,,,,,,,,,,
2027/4/17,周末,周六,-,,,,,,,,,,,,,,,,
2027/4/18,周末,周日,-,,,,,,,,,,,,,,,,
2027/4/24,周末,周六,-,,,,,,,,,,,,,,,,
2027/4/25,周末,周日,-,,,,,,,,,,,,,,,,
2027/5/1,劳动节,周六,劳动节(期间内),,,,,,,,,,,,,,,,
2027/5/2,劳动节,周日,劳动节(期间内),,,,,,,,,,,,,,,,
2027/5/8,周末,周六,-,,,,,,,,,,,,,,,,
2027/5/9,周末,周日,-,,,,,,,,,,,,,,,,
2027/5/15,周末,周六,-,,,,,,,,,,,,,,,,
2027/5/16,周末,周日,-,,,,,,,,,,,,,,,,
2027/5/22,周末,周六,-,,,,,,,,,,,,,,,,
2027/5/23,周末,周日,-,,,,,,,,,,,,,,,,
2027/5/29,周末,周六,-,,,,,,,,,,,,,,,,
2027/5/30,周末,周日,-,,,,,,,,,,,,,,,,
2027/6/5,周末,周六,-,,,,,,,,,,,,,,,,
2027/6/6,周末,周日,-,,,,,,,,,,,,,,,,
2027/6/12,周末,周六,-,,,,,,,,,,,,,,,,
2027/6/13,周末,周日,-,,,,,,,,,,,,,,,,
2027/6/19,周末,周六,-,,,,,,,,,,,,,,,,
2027/6/20,周末,周日,-,,,,,,,,,,,,,,,,
2027/6/26,周末,周六,-,,,,,,,,,,,,,,,,
2027/6/27,周末,周日,-,,,,,,,,,,,,,,,,
2027/7/3,周末,周六,-,,,,,,,,,,,,,,,,
2027/7/4,周末,周日,-,,,,,,,,,,,,,,,,
2027/7/10,周末,周六,-,,,,,,,,,,,,,,,,
2027/7/11,周末,周日,-,,,,,,,,,,,,,,,,
2027/7/17,周末,周六,-,,,,,,,,,,,,,,,,
2027/7/18,周末,周日,-,,,,,,,,,,,,,,,,
2027/7/24,周末,周六,-,,,,,,,,,,,,,,,,
2027/7/25,周末,周日,-,,,,,,,,,,,,,,,,
2027/7/31,周末,周六,-,,,,,,,,,,,,,,,,
2027/8/1,周末,周日,-,,,,,,,,,,,,,,,,
2027/8/7,周末,周六,-,,,,,,,,,,,,,,,,
2027/8/8,七夕节,周日,-,,,,,,,,,,,,,,,,
2027/8/14,周末,周六,-,,,,,,,,,,,,,,,,
2027/8/15,周末,周日,-,,,,,,,,,,,,,,,,
2027/8/21,周末,周六,-,,,,,,,,,,,,,,,,
2027/8/22,周末,周日,-,,,,,,,,,,,,,,,,
2027/8/28,周末,周六,-,,,,,,,,,,,,,,,,
2027/8/29,周末,周日,-,,,,,,,,,,,,,,,,
2027/9/4,周末,周六,-,,,,,,,,,,,,,,,,
2027/9/5,周末,周日,-,,,,,,,,,,,,,,,,
2027/9/11,周末,周六,-,,,,,,,,,,,,,,,,
2027/9/12,周末,周日,-,,,,,,,,,,,,,,,,
2027/9/18,周末,周六,-,,,,,,,,,,,,,,,,
2027/9/19,周末,周日,-,,,,,,,,,,,,,,,,
2027/9/25,周末,周六,-,,,,,,,,,,,,,,,,
2027/9/26,周末,周日,-,,,,,,,,,,,,,,,,
2027/10/1,国庆节,,,,,,,,,,,,,,,,,,
2027/10/2,国庆节,周六,国庆节(期间内),,,,,,,,,,,,,,,,
2027/10/3,国庆节,周日,国庆节(期间内),,,,,,,,,,,,,,,,
2027/10/9,周末,周六,-,,,,,,,,,,,,,,,,
2027/10/10,周末,周日,-,,,,,,,,,,,,,,,,
2027/10/16,周末,周六,-,,,,,,,,,,,,,,,,
2027/10/17,周末,周日,-,,,,,,,,,,,,,,,,
2027/10/23,周末,周六,-,,,,,,,,,,,,,,,,
2027/10/24,周末,周日,-,,,,,,,,,,,,,,,,
2027/10/30,周末,周六,-,,,,,,,,,,,,,,,,
2027/10/31,周末,周日,-,,,,,,,,,,,,,,,,
2027/11/6,周末,周六,-,,,,,,,,,,,,,,,,
2027/11/7,周末,周日,-,,,,,,,,,,,,,,,,
2027/11/13,周末,周六,-,,,,,,,,,,,,,,,,
2027/11/14,周末,周日,-,,,,,,,,,,,,,,,,
2027/11/20,周末,周六,-,,,,,,,,,,,,,,,,
2027/11/21,周末,周日,-,,,,,,,,,,,,,,,,
2027/11/27,周末,周六,-,,,,,,,,,,,,,,,,
2027/11/28,周末,周日,-,,,,,,,,,,,,,,,,
2027/12/4,周末,周六,-,,,,,,,,,,,,,,,,
2027/12/5,周末,周日,-,,,,,,,,,,,,,,,,
2027/12/11,周末,周六,-,,,,,,,,,,,,,,,,
2027/12/12,周末,周日,-,,,,,,,,,,,,,,,,
2027/12/18,周末,周六,-,,,,,,,,,,,,,,,,
2027/12/19,周末,周日,-,,,,,,,,,,,,,,,,
2027/12/25,周末,周六,-,,,,,,,,,,,,,,,,
2027/12/26,周末,周日,-,,,,,,,,,,,,,,,,