key,ChineseSimplified,Japanese,ChineseTraditional,English
Level,关卡,レベル,關卡,Level
LevelRewardWord1,熟能生巧,良かった,熟能生巧,良かった
LevelRewardWord2,得心应手,いいね,得心應手,いいね
LevelRewardWord3,融会贯通,凄い,融會貫通,凄い
LevelRewardWord4,势不可挡,素晴らしい,勢不可擋,素晴らしい
LevelRewardWord5,登峰造极,最高です,登峰造極,最高です
Japanese,日本語,日本語,日本語,日本語
ChineseSimplified,简体中文,简体中文,簡體中文,簡體中文
ChineseTraditional,繁體中文,繁體中文,繁體中文,繁體中文
English,English,English,English,English
Music,音乐,音楽,音樂,Music
Sounds,音效,音響,音效,Sounds
Vibrate,振动,振動,振動,Vibrate
LanguageSelection,语言选择,言語,語言選擇,Language Selection
Settings,设定,設定,設定,Settings
PrivacyPolicy,隐私政策,プライバシーポリシー,隱私權政策, Privacy policy
TermsAndService,用户协议,利用規約,使用者協定,Terms and service
Victory,挑战成功！,に勝利を得る！,挑戰成功！,に勝利を得る！
CompleteTheLevel,恭喜通关！,レベル完了！,恭喜通關！,Complete！
TipGoldInsufficient,金币不足！,金貨が足りない！,金幣不足！,Not enough gold coins!
TipAllWordPrompted,所有词都已被提示！,すべての単語が提示されました！,所有詞都已被提示！,All words have been prompted!
ButtonGotIt,了解,コレクション,了解,Got it
GuidingTips01,滑动成语,スライド熟語,滑動成語,Sliding idiom
GuidingTips02,做的好！请再拼出成语,よくやった！別の熟語を探してください,做的好！ 請再拼出成語,Well done! Please spell out the idiom
GuidingTips03,点击<color=#D35400>提示道具</color>，将<color=#D35400>提示</color>下一步可滑动的词语。,ヒントツールをクリックすると、次のスライド可能な言葉が<color=#D35400>提示</color>されます。,點擊<color=#D35400>提示道具</color>，將<color=#D35400>提示</color>下一步可滑動的詞語。,Clicking on the <color=#D35400>prompt prop</color> will <color=#D35400>prompt</color> you with the words that can be slid next.
GuidingTips04,点击<color=#D35400>重置道具</color>，将<color=#D35400>重新排列</color>剩余的字块。,<color=#D35400>リセット</color>ツールをクリックすると、残りのブロックを<color=#D35400>並べ替える</color>ことができます。,點擊<color=#D35400>重置道具</color>，將<color=#D35400>重新排列</color>剩餘的字塊。,Clicking on the <color=#D35400>reset prop</color> will <color=#D35400>rearrange</color> the remaining tiles.
Haiku01,水月通禅意，山云寄野情。,古池や蛙飛びこむ 水の音,水月通禪意，山雲寄野情。,古池や蛙飛びこむ 水の音
Haiku02,薄暮空潭曲，安禅制毒龙。,草霞み水に声なき日ぐれ哉,薄暮空潭曲，安禪制毒龍。,草霞み水に声なき日ぐれ哉
Haiku03,看取莲花净，应知不染心。,日盛りに蝶のふれ合ふ音すなり,看取蓮花淨，應知不染心。,日盛りに蝶のふれ合ふ音すなり
Haiku04,溪花与禅意，相对亦忘言。,さびしさや　一尺消えて　ゆくほたる,溪花與禪意，相對亦忘言。,さびしさや　一尺消えて　ゆくほたる
Haiku05,我生本无乡，心安是归处。,行春や鸟啼鱼の目は泪,我生本無鄉，心安是歸處。,行春や鸟啼鱼の目は泪
Haiku06,万籁此俱寂，但余钟磬音。,笑ふべし泣くべしわが朝顔の凋む時,萬籟此俱寂，但餘鐘磬音。,笑ふべし泣くべしわが朝顔の凋む時
Haiku07,孤舟蓑笠翁，独钓寒江雪。,白芥子に羽もぐ蝶の形見哉,孤舟蓑笠翁，獨釣寒江雪。,白芥子に羽もぐ蝶の形見哉
Haiku08,行到水穷处，坐看云起时。,世の中は地獄の上の花見哉,行到水窮處，坐看雲起時。,世の中は地獄の上の花見哉
Haiku09,采菊东篱下，悠然见南山。,春の海終日のたりのたり哉,采菊東籬下，悠然見南山。,春の海終日のたりのたり哉
Haiku10,酒醒还醉醉还醒，一笑人间今古。,花散るや 寂然として 石仏,酒醒還醉醉還醒，一笑人間今古。,花散るや 寂然として 石仏
Haiku11,世事浮云何足问，不如高卧且加餐。,障子しめて　四方の紅葉を　感じをり,世事浮雲何足問，不如高臥且加餐。,障子しめて　四方の紅葉を　感じをり
Haiku12,世事劳心非富贵，人间实事是欢娱。,天の裂目　巌の裂目の　滝落つる,世事勞心非富貴，人間實事是歡娛。,天の裂目　巌の裂目の　滝落つる
Haiku13,心随流水净，身与浮云闲。,宿とりぬ　さてそれからの　長き夜,心隨流水淨，身與浮雲閑。,宿とりぬ　さてそれからの　長き夜
Haiku14,忘机看白日，留客醉瑶琴。,木拾いに　出てやや寒き　夕べかな,忘機看白日，留客醉瑤琴。,木拾いに　出てやや寒き　夕べかな
Haiku15,不问人间事，忘机过此生。,菊の後大根の外更になし,不問人間事，忘機過此生。,菊の後大根の外更になし
Haiku16,溪花与禅意，相对亦忘言。,春雨や伞高低に渡し舟,溪花與禪意，相對亦忘言。,春雨や伞高低に渡し舟
Haiku17,蝉噪林逾静，鸟鸣山更幽。,露の世は 露の世ながら さりながら,蟬噪林逾靜，鳥鳴山更幽,露の世は 露の世ながら さりながら
Haiku18,松月生夜凉，风泉满清听。,梅の奥に谁やら住んで幽かな灯,松月生夜凉，風泉滿清聽。,梅の奥に谁やら住んで幽かな灯
Haiku19,归来偶过桃花下，春在枝头已十分。,月が昇って何を待っでもなく,歸來偶過桃花下，春在枝頭已十分。,月が昇って何を待っでもなく
Haiku20,春有百花秋有月，夏有凉风冬有雪。,さびしさや 一尺消えて ゆくほたる,春有百花秋有月，夏有涼風冬有雪。,さびしさや 一尺消えて ゆくほたる
LevelWord,关内成语,関内熟語,關內成語,Idioms
WordNewIdioms,生词本,熟語新帳,生詞本,Vocabulary book
Interpretation,释义,意味,釋義,意味
ExampleSentence,例句,用例,例句,用例
Synonym,近义词,類義語,近義,類義語
Collect,收藏,集める,收藏,集める
ShopTips01,购买成功！,購入が完了しました！,購買成功！,Purchase successful!
ShopTips02,购买失败！,購入に失敗しました！,購買失敗！,Purchase failed！
Shop,商店,ショップ,商店,Shop
ADLoadingTips,广告加载中,広告読み込み中,廣告加載中,Ad loading in progress
limitedRewardsTitle,灯明心悟,灯明心悟,燈明心悟,"Lamp lit, heart enlightened"
limitedRewardsDes01,找出成语,熟語を見つける,找出成語,Find idioms
limitedRewardsDes02,填满进度条,進捗バーを満たす,填滿進度條,Fill in the progress bar
limitedRewardsDes03,获取奖励,報酬を受け取る,獲取獎勵,Get rewards
limitedRewardsDes04,在限定时间内找出的每个成语将被算作两个,制限時間内に見つけた熟語は2つとしてカウントされます,在限定時間內找出的每個成語將被算作兩個,Each idiom found within a limited time will be counted as two
limitedRewardsDes05,点击继续,クリックして閉じる,點擊關閉,Click to close
ADPopTitle,获取金币,コインを獲得する,獲取金幣,Get coins
ADPopWatch,观看视频,動画を見る,觀看視頻,Watch the video
ADPopReceive,领取,受け取る,領取,receive
SignTile,一茶一得,一茶一得,一茶一得,"One tea, one get"
SignPourTea01,初沏免费,初めてのお茶,初沏免費,Free initial brewing
SignPourTea02,续沏得金,もう一杯,續沏得金,Continuing to brew gold
SignPourTea03,三沏福至,あと少し！,三沏福至,San Chong Fu Zhi
SignPourTea04,终沏圆满,仕上げのお茶,終沏圓滿,The final brew is perfect
SignPourTeaFinish,今日茶满·明日可期,本日終了·明日のご来訪をお待ちしています,今日茶滿·明日可期,"Tea full today, available tomorrow"
PrivacyAgreement00,欢迎,,,
PrivacyAgreement01,欢迎体验我们的应用！点击可查看我们的 <href=https://mindwordplay.cn/yhxy>服务条款</href> 和 <href=https://agreement-drcn.hispace.dbankcloud.cn/index.html?lang=zh&agreementId=1750050033266373376>隐私政策</href> ，如您同意，可点击「继续」进入应用。,「禅の熟語消し」をご利用になる前に、利用規約に同意いただき、プライバシーポリシーを十分にご確認いただく必要がございます。,在使用「成語消：禪意之境」之前，您必須同意我們的服務條款，並確認您已經閱讀並知悉我們的隱私政策。,"Before using '禅の熟語消し', you must agree to our terms of service and confirm that you have read and understood our privacy policy."
PrivacyAgreement01_General,"欢迎来到「成语消：禅意之境」！
为了向您提供更优质的游戏体验与相关服务，我们需要收集和使用您的部分个人信息。
在您开启这段文字之旅前，请知悉：
我们将严格遵守相关法律法规，保障您的个人信息安全。
我们可能会收集设备信息（如设备型号、操作系统版本）、网络信息、游戏日志、等，用于游戏功能实现、服务优化、安全保障、广告投放（如适用）及合规要求。
您可以查阅我们的<href=https://mindwordplay.cn/ysxy>《隐私政策》</href>了解详细信息，包括我们如何收集、使用、存储和保护您的信息，以及您的相关权利。
您也需要同意我们的<href=https://mindwordplay.cn/yhxyb>《用户协议》</href>以使用本游戏。
请您仔细阅读并理解以上内容。您的同意对我们至关重要。",,,
PrivacyAgreement02,希望您能愉快地体验我们的产品。感谢您的选择！,アプリの使用を開始される場合は、「続行」をクリックしてください。,如果您選擇開始使用我們的應用程式，請點擊「繼續」。,"If you choose to start using our app, please click 'Continue'"
PrivacyAgreement03,继续,続行,繼續,continue
UserAgreement,"用户服务协议
1. 关于我们
感谢您选择使用《成语消：禅意之境》。
《成语消：禅意之境》是由武汉市六方之物电子商务有限公司（以下简称“我们”或“六方之物”）提供与运营。
用户服务协议是六方之物与用户（以下简称“您”）关于使用《成语消：禅意之境》服务所订立的有效协议。
 
2. 协议范围、目的及确认方式
本用户服务协议及附属协议，以及页面展示的单项协议或规则、操作提示（以下合称为“本协议”）是我们为您提供《成语消：禅意之境》服务所依据的条款，不可分割，您需同时遵守。
请您仔细阅读本协议的全部内容，特别是字体加粗部分。
如您对本协议内容及页面提示信息有疑问，请勿进行下一步操作。如您使用《成语消：禅意之境》服务即视为您已阅读并同意本协议的约束。
如果您不同意本协议的任意内容，或无法准确理解条款内容，请停止使用，不要进行后续操作。
 
3. 使用本服务的要求
3.1 您具备完全民事行为能力，方可使用《成语消：禅意之境》服务，若您为无民事行为能力或为限制民事行为能力，请告知您的监护人，在您监护人的指导下阅读本协议，并在取得您监护人同意的前提下使用《成语消：禅意之境》服务；
3.2 您明确声明和保证：您具备足够的法律权利或授权来签署和履行本协议；您对于本协议的签署和履行不会对您须履行的任何其他协议、安排造成冲突或导致违约；
3.3 如您所属的国家或地区排除本协议的全部或部分内容，则您应立即停止使用《成语消：禅意之境》服务，否则，您继续使用《成语消：禅意之境》服务视为您同意承担相关的法律风险或法律责任。
 
4. 服务内容
《成语消：禅意之境》是六方之物通过互联网（含移动互联网）为您提供的《成语消：禅意之境》服务平台，您可通过该平台体验文字消除的乐趣。
 
5. 用户使用规则
5.1 您使用您身份要素来进行的操作、发出的指令视为您本来做出，您应对您使用身份要素进行的所有行为产生的结果（包括但不限于签署各类协议、发布信息、支付购买商品及服务及披露信息等）负责，因您的原因造成的账户、密码等信息被冒用、盗用或非法使用，由此引起的风险和损失需要由您自行承担；
5.2 您在使用《成语消：禅意之境》服务时，请务必仔细填写并核对您的个人信息，确保其真实、准确、完整有效；
5.3 请您结合自身实际需求，充分考虑隐私协议、用户协议等信息，确认并选择使用《成语消：禅意之境》服务；
5.4 您知悉并同意，如因为您自身出现输入错误、操作不当、选择错误等情形，您需自行承担所受到的经济损失及后果。
 
6. 免责声明
六方之物基于互联网及电信网络提供服务，在您使用《成语消：禅意之境》服务之前，应对电子商务业务、网络可能蕴含的风险有一定的了解。
由于网络故障、系统检修、维护或不稳定，或黑客攻击，或电力部门技术调整或故障，或银行等原因，导致《成语消：禅意之境》服务存在失败、中断或延迟的，不是六方之物违约，但六方之物将尽一切努力恢复正常服务。
六方之物为技术服务平台仅按现状提供服务，在法律允许的范围内，六方之物对以下情形导致的服务中断、延迟受阻不承担责任：
（1） 受到计算机病毒、木马或其他恶意程序、黑客攻击的破坏；
（2） 您、第三方的电脑软件、系统、硬件、网络和通信线路出现故障；
（3） 您操作不当，包括但不限于提交错误的账户、个人信息，或程序出错；
（4） 其他六方之物无法控制或合理预见的情形。
 
7. 用户禁止性规定
您在使用本软件时必须遵守法律法规，不得利用本软件提供的服务从事违法违规行为，包括但不限于：
（1） 发布、传送、传播、存储危害国家安全统一、破坏社会稳定、违反公序良俗、侮辱、诽谤、淫秽、暴力以及任何违反国家法律法规的内容；
（2） 发布、传送、传播、存储侵害他人知识产权、商业秘密等合法权利的内容；
（3） 恶意虚构事实、隐瞒真相以误导、欺骗他人；
（4） 发布、传送、传播广告信息及垃圾信息；
（5） 其他法律法规禁止的行为。
如因您违反本条约定，导致任何第三方损害的，您应独立承担责任；六方之物因此遭受损失的，您也应当一并赔偿。
 
8. 对本协议的修订
六方之物有权在必要时修改本协议条款，您可以在本软件的最新版本中查阅相关协议条款。
更新后的协议条款一旦公布即代替原来的协议条款，我们会在服务页面上及时发布对本协议的变更。若对本协议的修订会严重影响您或严重限制您对本服务的访问或使用，我们会在变更之前的合理时间内通知您。对于为了满足安全、法律或监管要求而对本服务作出的修订，我们可能无法满足前述的预告时间要求，但我们会尽快通知您。
本协议条款变更后，如果您不接受修改后的协议，请立即停止使用本服务；如果您继续访问或使用本服务，即被视为您已接受修改后的协议。
 
9. 适用法律及管辖。
本协议的订立、执行、解释及争议的解决均适用中华人民共和国法律。
您同意，本协议签订地为中国湖北省武汉市洪山区。
在合同履行过程中双方如发生纠纷，应协商解决；协商不成的，双方应向协议签订地有管辖权的人民法院以诉讼的方式解决。
 
10. 联系我们
如您对本协议有任何疑问，请通过六方之物邮箱Lfzw2025@163.com联系我们。",,,
UserPrivacyPolicy,"用户隐私协议
该产品 是由 武汉市六方之物电子商务有限公司 （以下简称“我们”）为您提供的，用于休闲娱乐的游戏应用。本隐私声明由我们为处理您的个人信息而制定。
我们非常重视您的个人信息和隐私保护，将会按照法律要求和业界成熟的安全标准，为您的个人信息提供相应的安全保护措施。
 
1. 我们如何收集和使用您的个人信息
我们仅在有合法性基础的情形下才会使用您的个人信息。根据适用的法律，我们可能会基于您的同意、为履行/订立您与我们的合同所必需、履行法定义务所必需等合法性基础，使用您的个人信息。
基于履行法定义务或其他法律法规规定的情形，我们可能会处理您的以下个人信息：
为了用于分析，在获取您的同意后我们需要收集您的游戏账号信息、IP归属地、 用户标识符、 游戏数据、 软硬件参数/系统设置、 操作系统信息、 设备状态、 WIFI状态、 网络类型、 IP地址、 应用使用信息、 应用基本信息、 应用运行状态、 应用运行日志 。
我们的游戏集成了 ThinkingData 提供的 ThinkingAnalytics SDK，用于统计分析用户行为、优化产品体验。
ThinkingAnalytics SDK 除上述信息外还会收集以下信息： 设备标识符（如 ANDROID ID）
 
2. 管理您的个人信息
如您对您的数据主体权利有进一步要求或存在任何疑问、意见或建议，可通过本声明中“如何联系我们”章节中所述方式与我们取得联系，并行使您的相关权利。
 
3. 信息存储地点及期限
3.1 我们承诺，除法律法规另有规定外，我们对您的信息的保存期限应当为实现处理目的所必要的最短时间。
3.2 上述信息将会传输并保存至中国境内的服务器。
 
4. 如何联系我们
您可通过以下方式联系我们，并行使您的相关权利，我们会尽快回复。
邮箱：Lfzw2025@163.com
如果您对我们的回复不满意, 特别是当个人信息处理行为损害了您的合法权益时您还可以通过向有管辖权的人民法院提起诉讼、向行业自律协会或政府相关管理机构投诉等外部途径进行解决。 您也可以向我们了解可能适用的相关投诉途径的信息。
 
生效日期：2025.8.20",,,
EvaluateDes,您已解开很多个成语之谜，真是文字高手！✍️若觉得这字海探秘有趣，诚邀用★5为游戏添点墨香,漢字の森をここまで 探索してくれて感謝！「学びのあるゲーム」と感じたら★5の灯火を灯してください,您已解開很多個成語之謎 真是文字高手！✍️若覺得這字海探秘有趣誠邀用★5為遊戲添點墨香,"You have solved many mysteries of idioms and are truly a master of writing! ✍️ If you find the word 'sea exploration' interesting, please use ★ 5 to add some ink fragrance to the game"
EvaluateButton01,下次再说,もう少し遊んでから,下次再說,Let's talk about it next time
EvaluateButton02,关闭,閉じる,關閉,close
EvaluateButton03,反 馈,ご意見箱,反 饋,Feedback
limitedRewardsDes06,连出{0}个成语就能获得下一份奖励！,{0} 個の熟語を完成させると、次の報酬が獲得できます！,連出{0}個成語就能獲得下一份獎勵！,Simply use {0} idioms to receive the next reward!
DailyTasksDes01,通关{0}关,{0} ステージをクリア,通關 {0} 關,Clear {0} stages
DailyTasksDes02,找出{0}个成语,{0} 個の四字熟語を見つける,找出 {0} 個成語,Find {0} idioms
DailyTasksDes03,使用{0}个提示道具,{0} 回ヒントアイテムを使用,使用 {0} 個提示道具,Use {0} hint items
DailyTasksDes04,使用{0}个重置道具,{0} 回リセットアイテムを使用,使用 {0} 個重置道具,Use {0} reset items
DailyTasksDes05,使用{0}个蝴蝶道具,{0} 回バタフライアイテムを使用,使用 {0} 個蝴蝶道具,Use {0} butterfly items
DailyTasksDes06,游戏累计时长{0}分钟,累計プレイ時間 {0} 分,遊戲累計時長 {0} 分鐘,Total playtime: {0} minutes
DailyTasksDes07,观看{0}次视频广告,動画広告を {0} 回視聴,觀看 {0} 次影片廣告,Watch {0} video ads
DailyTasksDes08,在灯明心悟中点亮{0}个灯笼,「灯明心悟」で {0} 個の灯籠を点灯,在「燈明心悟」中點亮 {0} 個燈籠,Light {0} lanterns in Lantern Enlightenment
DailyTasksDes09,赢得{0}次竞赛（获得前3名）,競技で {0} 回上位 3 位以内（優勝含む）,贏得 {0} 次競賽（獲得前 3 名）,Win {0} competitions (Top 3 finish)
DailyTasksDes10,在商店中进行一次购买,ショップで 1 回購入,在商店中進行一次購買,Make 1 purchase in the shop
DailyTasksTiles,今日禅字・慢慢来,今日禅字の探求,一日成語尋禪,Daily tasks
DailyTasksTiles01,今日任务,今日のミッション,今日任務,Today's Tasks
DailyTasksMainDes,1 天 8 任务，可获无限蝴蝶道具,1 日で 8 任務達成→1 時間 無制限バタフライアイテム獲得,一日內完成 8 任務 享 1 小時蝴蝶道具無限用,8 Tasks in a Day → 1hr Butterfly Harmony Unlocked
TimeD,日,日,日,d
TimeH,时,時,時,h
TimeM,分,分,分,m
TimeS,秒,,,
DailyTasksEndDes01,满月若镜 功德圆成,満月の如く 完成なり,滿月若鏡 功德圓成,満月の如く 完成なり
DailyTasksEndDes02,无心之境 臻至圆满,無心の境地 ここに極む,無心之境 臻至圓滿,無心の境地 ここに極む
DailyTasksEndDes03,砚池沉璧 照见菩提 ,五十音の 宇宙完成す,硯池沉璧 照見菩提,五十音の 宇宙完成す
DailyTasksEndDes04,古松苍劲 又添新轮,千代の松に 今日の年輪,古松蒼勁 又添新輪,千代の松に 今日の年輪
DailyTasksEndDes05,言灵化蝶 振翅破茧,言霊の蝶 羽ばたきを終う,言靈化蝶 振翅破繭,言霊の蝶 羽ばたきを終う
DailyTasksEndDes06,枯山水庭 终笔之石,枯山水に 最後の石を,枯山水庭 終筆之石,枯山水に 最後の石を
DailyTasksEndDes07,今日修行 汇作星图,今日の修行 星となる,今日修行 匯作星圖,今日の修行 星となる
ShopBoxName01,初级语汇锦囊,初級語彙錦囊,初級語彙錦囊,初級語彙錦囊
ShopBoxName02,中级智慧宝盒,中級知恵の箱,中級智慧寶盒,中級知恵の箱
ShopBoxName03,上级成语宝库,上級熟語宝庫,上級成語寶庫,上級熟語宝庫
ShopBoxName04,超级珠玉盛宴,超上級珠玉の宴,超級珠玉盛宴,超上級珠玉の宴
ShopBoxName05,7日免广告豪礼,広告なし 7 日間と金貨豪礼,7 日免廣告豪禮,広告なし 7 日間と金貨豪礼
ShopBoxName06,免广告豪礼,広告なし金貨豪礼,免廣告豪禮,広告なし金貨豪礼
ShopBoxName07,限时宝箱,タイムボックス,限時寶箱,タイムボックス
RemoveADName,去广告 + 200金币,広告削除 + 200コイン,去廣告+ 200金幣,Remove Ads + 200Golds
RemoveAD7DaysName,移除7天内的强制广告,7日間の強制広告を無効化,移除7天內的強制廣告,Remove mandatory advertisements within 7 days
RemoveADDes,去除游戏中激励视频以外的所有广告,ゲーム内のリワード動画以外の広告を完全削除,去除遊戲中激勵影片以外的所有廣告,Remove all advertisements in the game except for motivational videos
RemoveAD7DaysPointDes,此去广告功能仅在7天内有效,この広告削除機能の有効期間は7日間です,此去廣告功能僅在7天內有效,The ad removal function is only valid for 7 days
RemoveADPointDes,永久去除本游戏中激励视频以外的所有广告,リワード動画以外の全ての広告を永久に無効化,永久移除本遊戲中激勵影片以外的所有廣告,"Permanently remove all advertisements in this game, except for incentive videos"
ShopDiscount,OFF,割引,OFF,OFF
RemoveADName02,去广告,広告削除,去廣告,Remove Ads
RemoveADSign01,剩余 {0} 天,あと{0}日間,剩餘{0}天,{0} DAYS LEFT
RemoveADSign02,永久版,永続版,永久版,PERMANENT
RestorePurchases,恢复购买,購入を復元,恢復購買,RestorePurchases
RestorePurchasesTips01,操作超时，请检查网络链接！,操作がタイムアウトしました。ネットワーク接続を確認してください！,操作超時，請檢查網路連結！,Operation timed out. Please check your network connection!
RestorePurchasesTips02,当前账号没有可恢复购买的产品,現在のアカウントに復元可能な購入品はありません,當前帳號沒有可恢復購買的產品,There are no restorable purchases for this account
RestorePurchasesTips03,恢复成功！,復元に成功しました！,恢復成功！,Restore successful!
RestorePurchasesTips04,恢复失败！,復元に失敗しました！,恢復失敗！,Restore failed!
CharacterProfile,个人档案,,,
CharacterInfoTitle,个人信息,キャラクター情報,角色資訊,Character Info
CharacterInfoAvatar,头像,アバター,頭像,Avatar
HeadFrame,头像框,,,
UIConfirm,确定,確定,確定,Confirm
CarpMatchTitle,鱼跃龙门,鯉の滝登り,鯉躍龍門,Carp leaping over Longmen
CarpMatchDes,首位完成100个成语的玩家将获得奖励！,最初に100個の熟語をコンプリートしたプレイヤーに豪華報酬を進呈！,首位完成100組成語的玩家可獲豐厚獎勵！,The first player to complete 100 idioms will receive amazing rewards!
CarpMatchDes02,抵达终点,ゴール到達,衝線,Cross the Finish Line
CarpMatchVictory,鱼跃龙门！,龍門突破！,魚躍龍門！,Koi Victory！
CarpMatchFail,差之毫厘！, あと一歩！,差之毫釐！,Currents Ahead
CarpMatchStartDes,鱼跃龙门赛事开始了！最先完成100个成语的玩家将获得奖励！,登竜門イベント開催！最初に100の四字熟語を完成させたプレイヤーに伝説級報酬！,鯉躍龍門賽事啟動！首位完成百組成語者可得神龍賜福！,Koi's Leap Event Starts! First player completing 100 idioms claims legendary rewards!
CarpMatchStart,开始,跳躍開始！,爭流啟程！,Sprint Leap!
CharacterInfoTips01,名称含有不当用语\n请修改后重新提交,ネームに不適切な表現が含まれています\n修正の上、再度送信してください,名稱含有不當用語\n請修改後重新提交,The name contains inappropriate words\nplease modify and submit
CarpMatchFailDes01,竹影扫阶尘不动，月穿潭底水无痕,散りて土となり　芽吹くは天へ,竹影掃階塵不動，月穿潭底水無痕,散りて土となり　芽吹くは天へ
CarpMatchFailDes02,掬水月在手，弄花香满衣,砕け月影　川に銀散る,掬水月在手，弄花香滿衣,砕け月影　川に銀散る
CarpMatchFailDes03,手把青秧插满田，低头便见水中天​,九負ひ一勝ち　碁盤に苔生,手把青秧插滿田，低頭便見水中天​,九負ひ一勝ち　碁盤に苔生
CarpMatchFailDes04,松树千年终是朽，槿花一日自为荣​,風竹を折れど　根は春を待つ,松樹千年終是朽，槿花一日自為榮​,風竹を折れど　根は春を待つ
CarpMatchFailDes05,慧焰虽枯心火在,杯落ちて　地の声聞こゆ,慧焰雖枯心火在,杯落ちて　地の声聞こゆ
EntranceUITitle,游戏模式,ゲームモード,遊戲模式,Game Mode
EntranceUIName01,成语消,成語消,成語消,Idiom Elimination
EntranceUIName02,成语填字,成語で字を書く,成語填字,Idiom spelling
EntranceUIName03,层层消,せきそうしょうきょ,層層消,Layer by layer elimination
PromotionalText01,点击前往下载,点击前往下载,点击前往下载,点击前往下载
ZenState01,一念,初心地,初心地,初心地
ZenState02,凌波,雲水境,雲水界,雲水境
ZenState03,初见,枯淡界,淡泊界,枯淡界
ZenState04,未圆,無心庵,無心庵,無心庵
ZenState05,圆照,観音堂,觀音堂,観音堂
ZenState06,见心,般若院,般若院,般若院
ZenState07,红定,菩提階,菩提階,菩提階
ZenState08,澄明,羅漢峰,羅漢峰,羅漢峰
ZenState09,慧照,慈航閣,慈航閣,慈航閣
ZenState10,映雪,涅槃門,涅盤門,涅槃門
ZenState11,慈光,真空海,真空海,真空海
ZenState12,金圆,究竟天,究竟天,究竟天
MeditationList,莲心榜,禅ランキング,禪修榜,Meditation List
OverallRanking,总榜,総合,總榜,Overall ranking
MonthlyChart,月榜,月間,月榜,Monthly chart
HallFame,名人堂,殿堂入り,名人堂,Hall of Fame
NewRealm,新境界,新境地,新境界,New Realm
ZenValue,禅意,,,
FindIdioms,找出成语,,,
ObtainZen,获得禅意,禅の意を得る,獲得禪意,Obtain Zen intention
ImproveRanking,提升排名,ランクアップ,提升排名,Improve ranking
ZenReward,禅意奖励,,,
LevelImprovement,境界提升,,,
LevelUnchanged,境界未变,,,
LevelDecline,境界下滑,,,
ZenStateTips01,完成成语，即可获得禅意,,,
nickname01,夜叉,ふくろう博士,藏經閣,ふくろう博士
nickname02,幻音,管野,秋意濃,管野
nickname03,荷花池,麻江,蒼茫平野,麻江
nickname04,前世情缘,八王,花落人離,八王
nickname05,郝大通,ぱんやのパン,花月似霰,ぱんやのパン
nickname06,海之蓝色,愛梨,無崖子,愛梨
nickname07,打工人,麻里名,塵緣與佛緣,麻里名
nickname08,浮生若梦,広畑,幽蘭黛爾,広畑
nickname09,锦鲤本鲤,本原,遇見未來,本原
nickname10,清几何,時本,乾飯人,時本
nickname11,弥枳,朽名,玉龍雪山,朽名
nickname12,星星之火,福若,巷陌,福若
nickname13,猫街少女,ゆめぴょん,大坑火龍舞,ゆめぴょん
nickname14,夏了夏天,初古,土瓜灣車房,初古
nickname15,梦的彼岸,磨紀,迷路的信,磨紀
nickname16,火锅底料,杏,鹹檸七少冰,杏
nickname17,江南七怪,田之,雨女無瓜,田之
nickname18,锦绣,細野,祁夢,細野
nickname19,西羊夕下,玉代,冬天來了,玉代
nickname20,烤冷面,理人,星河,理人
nickname21,远方小镇,しろくまん,春天來啦,しろくまん
nickname22,螺蛳粉,福ヶ,深海藍色,福ヶ
nickname23,蛋黄酥,朔,無名小站,朔
nickname24,长津湖,ふわふわ雲,張無忌,ふわふわ雲
nickname25,奶茶续命,あっくん,天地之間,あっくん
nickname26,李大爷,立場,浮世三月,立場
nickname27,暴躁萝莉,アカネ,雨零,アカネ
nickname28,杭州古天乐,森,避風塘炒蟹,森
nickname29,浮世,道崎,天堂在我心,道崎
nickname30,妖娆,長塚,堅尼地城,長塚
nickname31,武三通,藤田,觀塘工廈,藤田
nickname32,海枯石烂,增田,洛小汐,增田
nickname33,显眼包,久野,藍萱薇,久野
nickname34,微光闪烁,紀恵,九份的咖啡,紀恵
nickname35,秦皇岛,小泉,尊嘟假嘟,小泉
nickname36,陈玄风,しろ,南方小土豆,しろ
nickname37,萝莉萌主,紀咲,梔夏暖陽,紀咲
nickname38,西门吹雪,川珠央,霍都,川珠央
nickname39,番茄炒蛋,竹亭,沉魚落雁,竹亭
nickname40,朴信男,こんぶ姫,石硤尾邨,こんぶ姫
nickname41,念如丝缕,宅間,張翠山,宅間
nickname42,任我行,田中健,喵星人,田中健
nickname43,星河,りく,涼茶鋪阿嬤,りく
nickname44,画仙,ぱんじーにゃ,大哥,ぱんじーにゃ
nickname45,耗子尾汁,丁通,想飛翔,丁通
nickname46,青翼蝠王,古川,烈火掌,古川
nickname47,李白,栞,星辰之眼,栞
nickname48,追逐未来,蒼大,雨中吟詩,蒼大
nickname49,苍茫平野,多岐,蘭桂坊夜貓,多岐
nickname50,铁血,堀尾,一念花開,堀尾
nickname51,清羽慕,浜近,夢裡風塵,浜近
nickname52,小丑是自己,なかみか,李莫愁,なかみか
nickname53,安静的河,渡边,煙雨十年,渡边
nickname54,乐享人生,奈月,我很好,奈月
nickname55,舞尽桃花,苺,尼摩星,苺
nickname56,秋天来了,湊,月滿西樓,湊
nickname57,天生萌货,小猿,黃鶴樓,小猿
nickname58,哈哈哈,ひよこまろん,蜜汁叉燒,ひよこまろん
nickname59,大吉大利,恵理子,藍雨希,恵理子
nickname60,梦散蝶逝,颯,雲監工,颯
nickname61,霍都,阿部,大黃,阿部
nickname62,夜白,音頭,油麻地果欄,音頭
nickname63,心有天地,鍛治,幽蘭,鍛治
nickname64,晨露轻寒,手槌,四姑娘,手槌
nickname65,盛夏之末,延枝,沉醉夜色,延枝
nickname66,酒豪,米道,紫色的旋律,米道
nickname67,千面,ぷりんとん,毒霸,ぷりんとん
nickname68,哒咩,福田,紫蘇,福田
nickname69,花言巧语,サマー,漂洋過海,サマー
nickname70,忘却江山,ちびまる子,閒雲野鶴,ちびまる子
nickname71,聆听风声,枝穂,輕雲蔽月,枝穂
nickname72,红颜薄命,廣沢,郭破虜,廣沢
nickname73,冬瑾凉桉,望月,哈哈哈,望月
nickname74,闲云野鹤,ぴんくうさぎ,醬紫—喵,ぴんくうさぎ
nickname75,醉仙,talking,達爾巴,talking
nickname76,梦影,影,白馬非馬,影
nickname77,远离尘嚣,瀬戸,真香,瀬戸
nickname78,火锅狂魔,ビル,花謝花開,ビル
nickname79,金刚指,ずすりん,劍神,ずすりん
nickname80,闪耀星星,掛下,沙丁魚,掛下
nickname81,真香,柳崎,青春之夏,柳崎
nickname82,奶黄包,けんと,夢幻之城,けんと
nickname83,熬夜冠军,中後,毒手,中後
nickname84,甜味少女,池武,浮生若夢,池武
nickname85,喜怒哀乐,ほっぺたん,我閱君心,ほっぺたん
nickname86,甜心,源間,細雨紛飛,源間
nickname87,西瓜好吃,うみのしずく,朴信男,うみのしずく
nickname88,菠萝油,ぽってりん,自由人,ぽってりん
nickname89,孤狼,奥谷,滿梔,奥谷
nickname90,糯米团团,立野,醉月刀,立野
nickname91,赵敏,そらとぶねこ,陌念念,そらとぶねこ
nickname92,太阳升起,ぽんじろう,漣漪,ぽんじろう
nickname93,梦幻彩云,雅,蓮花初綻,雅
nickname94,上海外滩,新保,一瀾冬雪,新保
nickname95,心繫未来,石川,情不移,石川
nickname96,青鸾,杉塚,夢影,杉塚
nickname97,清悠野鹤,森勝,西施,森勝
nickname98,逸迢弦语,勘定,殷素素,勘定
nickname99,野稚,大岛,武敦儒,大岛
nickname100,念念不忘,悦喜,花朵之藍,悦喜
nickname101,梦幻之城,藤原くん,大佬,藤原くん
nickname102,墨染,兼弘,琴心,兼弘
nickname103,双皮奶,早戸,半城噩夢,早戸
nickname104,故人的歌,橋添,小雞啄米,橋添
nickname105,西双版纳,愛結美,時光飛逝,愛結美
nickname106,童年时光,岛崎,華山論劍,岛崎
nickname107,九漏鱼,仲山,北煙南城,仲山
nickname108,肥宅快乐,與那,臘腸蒸雞,與那
nickname109,反诈大妈,铃木,踏尋紅塵路,铃木
nickname110,一色三清,早矢,大花,早矢
nickname111,鱼沉秋水,番澤,懵藍初夢,番澤
nickname112,悠游自在,みぞれちゃん,夜雨聲煩,みぞれちゃん
nickname113,毒手,森山,紫南,森山
nickname114,逍遥游,末川,紅色之旅,末川
nickname115,芒果冰沙,金垣,夏櫻之雨,金垣
nickname116,白马非马,續元,攝魂,續元
nickname117,棋圣,入梅,雨過天晴,入梅
nickname118,杨不悔,田トヨ子,貓空纜車,田トヨ子
nickname119,桃之夭夭,中岛,思慕,中岛
nickname120,书香,ぴーち,林平之,ぴーち
nickname121,云舒,永井,普者黑,永井
nickname122,不难,こんぺいとう,洛陽女兒,こんぺいとう
nickname123,无锋,みるくの海,樂享人生,みるくの海
nickname124,焦糖布丁,泉谷,刀狂,泉谷
nickname125,芭比Q,松井,一色三清,松井
nickname126,刀美人,酒元,閻羅,酒元
nickname127,画骨,そらまる,狂雷,そらまる
nickname128,一念花开,竹並,書劍,竹並
nickname129,哈基米,龍福,野稚,龍福
nickname130,必经之路,原尻,雞鳴寺,原尻
nickname131,崎岖前行,形屋,忍者無敵,形屋
nickname132,瑾沫流年,篭嶋,遠方小鎮,篭嶋
nickname133,满栀,志毛,顏緋,志毛
nickname134,贪婪之幕,高橋,沙田乳鴿,高橋
nickname135,青松,小仓,半壞街燈,小仓
nickname136,冻柠茶,栗木,集結號角,栗木
nickname137,飞花落泪,松村,追逐未來,松村
nickname138,大花,今田,凍檸茶少甜,今田
nickname139,芝士奶盖,岡大,伍六七,岡大
nickname140,时过境迁,河原,酒豪,河原
nickname141,天净沙,絵都子,刀皇,絵都子
nickname142,宋青书,宮仕,如夢如幻,宮仕
nickname143,星湖,鷹松,舊夢難忘,鷹松
nickname144,逍遥,ももかちゃん,夏了夏天,ももかちゃん
nickname145,幽魂,八島,銅鑼灣車神,八島
nickname146,东施,里実,李白,里実
nickname147,夜雨微凉,上原,蝦子撈麵,上原
nickname148,狂刀,鈴木,傾聽潮聲,鈴木
nickname149,雪舞,馬谷,金鐘罩,馬谷
nickname150,轻云蔽月,まるちゃ,夏天來了,まるちゃ
loadText01,玩成语就像扫地，每天都是修行。,,,
loadText02,消除的不是字块，是内心的烦躁。,,,
loadText03,焦虑的时候，消除一些成语，心就定了。,,,
loadText04,成语像一颗种子，碎片时间种下种子，静待花开。,,,
loadText05,今天消除的成语，是明日脱口而出的闪光。,,,
loadText06,成语是古人的微信句子，字里藏着乾坤。,,,
loadText07,玩成语给脑子开光，方块字里修禅。,,,
loadText08,加载的不是进度，是一个个处世锦囊。,,,
loadText09,脑子越转越亮，成语越消越舒畅。,,,
loadText10,每次连消都是木鱼轻叩，杂念顿消。,,,
loadText11,每天动脑30分钟，你会睡的更香。,,,
loadText101,——《成语消：禅意之境》,,,
MorePower,更多体力,,,
TimeToPower,获得下一个体力的时间： ,,,
FreePower,免费体力,,,
Supply,补充,,,
Looping,无尽循环,,,
Sufficient,充足,,,
NextStaminaTime,获得下一个体力时间：,,,
ExitLevel,退出关卡,,,
YouWillLose,你将失去,,,
ConfirmExit,继续退出,,,
BackToGame,回到游戏,,,
ContinueLevel,继续关卡,,,
OutOfTime,时间不足,,,
Recover60s,时间恢复60秒,,,
Add60s,放弃,,,
GiveUp,恢复60秒,,,
AreYouSure,你确定吗？,,,
LetMeThink,我再想想,,,
BeatPlayers,厉害，你超过了{0}%的玩家,,,
Hard,困难,,,
VeryHard,极难,,,
Pause,暂停,,,
SkipLevel,跳过关卡,,,
Exit,退出,,,
Continue,继续,,,
nickname,你的昵称,,,
ZenRankingEnd,莲心榜排名结束,,,
ZenRise,排名第 <size=80><color=#FFDC74>{0}</color></size> ，已上升至 <size=80><color=#FFDC74>{1}</color></size> 境界！,,,
ZenHold,排名第 <size=80><color=#FFDC74>{0}</color></size> ，将维持在 <size=80><color=#FFDC74>{1}</color></size> 境界！,,,
ZenDecline,排名第 <size=80><color=#FFDC74>{0}</color></size> ，将下降到 <size=80><color=#FFDC74>{1}</color></size> 境界！,,,
ZenDecline2,您上期在 <size=80><color=#FFDC74>【{0}】</color></size>中未上榜，下降至<size=80><color=#FFDC74>【{1}】</color></size>境界!,,,
ClickContinue,点击继续,,,
CollectLotus,尽可能获得更多莲花 ,,,
EnterTop,进入排行榜前列,,,
ImproveRanking,跃升境界 ,,,
WellDone,干的漂亮！你提升了 <color=#FFDC74>{0}</color> 个名次,,,
SuccessList,成功上榜！,,,
ZenMatchRule,欢迎加入莲心榜！每轮活动结束，您的排名在前列，则境界上升，靠后则境界下降。,,,
StartGame,开始游戏,,,
Matching,匹配,,,
LotusRankingEnd,已结束,,,
DailyVictory,每日胜利,,,
WinDays,天连胜,,,
Su,周日,,,
Mo,周一,,,
Tu,周二,,,
We,周三,,,
Th,周四,,,
Fr,周五,,,
Sa,周六,,,
Day1Text,新的开始，总是值得期待,,,
Day2Text,第二天，你已经比大多数人走得更远,,,
Day3Text,三天了，习惯正在悄悄形成,,,
Day4Text,大多数人在这里放弃，而你选择了继续,,,
Day5Text,五连胜！你已超越昨天的自己,,,
Day6Text,只剩一步，你正在创造纪录,,,
Day7Text,七天达成！你可以做到任何事,,,
FirstWin,回归首胜,,,
FirstWinRewards,领取您精彩表现的奖励，首战告捷！,,,
StartDate,{0}年{1}月开始,,,
ZenLevel,禅意等级,,,
ZenScore,禅意积分,,,
LongestWinDay,最长连胜天数,,,
FillIdioms,成语填字,,,
LongestCombo,最长连击,,,
FourIdioms,掌握四字成语,,,
NonFourIdioms,掌握非四字成语,,,
LevelReached,当前等级,,,
MaxLevel,最高等级,,,
Achievement,成就,,,
MyAchievements,我的成就！,,,
UnderWay,进行中,,,
AchievedSuccess,已获成就,,,
UnlockedAchievements,未解锁的成就,,,
LevelProgress,关卡进度,,,
LearnedIdioms,掌握成语,,,
NumberLikes,已获  <size=><color=#>{0}</color></size> 次赞,,,
Visiting,参观,,,
ExitVisiting,退出参观,,,
DataLoading,发现游戏历史数据，努力加载中...,,,
HistoricalData,检测到一份历史数据！,,,
DataEffect,是否应用这份数据？,,,
Use,应用,,,
GiveUp,放弃,,,
AchievementUnlock1,达成《集叶达人》成就可解锁此头像框！,,,
AchievementUnlock2,达成《破冰达人》成就可解锁此头像框！,,,
AchievementUnlock3,达成《拾花达人》成就可解锁此头像框！,,,
AchievementUnlock4,赢得鱼跃龙门即可解锁此头像框！,,,
AchievementUnlock5,莲心榜达到《初见》可解锁此头像框！,,,
AchievementUnlock6,莲心榜达到《红定》可解锁此头像框！,,,
AchievementUnlock7,莲心榜达到《映雪》可解锁此头像框！,,,
AchievementUnlock8,莲心榜达到《金圆》可解锁此头像框！,,,
AchievementUnlock9,达成《连击大师》成就可解锁此头像框！,,,
AchievementUnlock10,达成《完美大神》成就可解锁此头像框！,,,
AchievementUnlock10,达成《完美大神》成就可解锁此头像框！,,,
Day1Text,新的开始，总是值得期待,,,
Day2Text,第二天，你已经比大多数人走得更远,,,
Day3Text,三天了，习惯正在悄悄形成,,,
Day4Text,大多数人在这里放弃，而你选择了继续,,,
Day5Text,五连胜！你已超越昨天的自己,,,
Day6Text,只剩一步，你正在创造纪录,,,
Day7Text,七天达成！你可以做到任何事,,,
FirstWin,回归首胜,,,
FirstWinRewards,领取您精彩表现的奖励，首战告捷！,,,
loadText01,玩成语就像扫地，每天都是修行。,,,
loadText02,成语像一颗种子，碎片时间种下种子，静待花开。,,,
loadText03,脑子越转越亮，成语越消越舒畅。,,,
loadText04,我们生活的目的是幸福。,,,
loadText05,你唯一应该努力超越的人，就是昨天的自己。,,,
loadText06,生活 10% 取决于你如何创造，90% 取决于你如何对待。,,,
loadText07,对着镜子微笑。每天早晨这样做，你就会开始看到生活中的巨大变化。,,,
loadText08,你时间有限，所以不要浪费时间过别人的生活。,,,
loadText09,生活就像骑自行车。要保持平衡，你必须不断前进。,,,
loadText10,一旦你用积极的想法取代消极的想法，你就会开始得到积极的结果。,,,
loadText11,取得进步的秘诀就是开始行动。,,,
loadText12,我们靠所得来谋生，但我们靠付出而生活。,,,
loadText13,光知道是不够的，我们必须去运用。光有意愿是不够的，我们必须去行动。,,,
loadText14,迈出信心的第一步。,,,
loadText15,开始行动的方法就是停止空谈，立即动手。,,,
loadText16,你的态度，而非天资，决定了你的高度。,,,
loadText17,消除的不是字块，是内心的烦躁。,,,
loadText18,焦虑的时候，消除一些成语，心就定了。,,,
loadText19,成语是古人的微信句子，字里藏着乾坤。,,,
loadText20,玩成语给脑子开光，方块字里修禅。,,,
loadText21,加载的不是进度，是一个个处世锦囊。,,,
loadText22,每次连消都是木鱼轻叩，杂念顿消。,,,
loadText23,无论生活给我带来什么，我都会接受并且心存感激。,,,
loadText24,幸福的真正秘诀在于对日常生活的所有细节产生真正的兴趣。,,,
loadText25,坚持不懈是成功的关键。,,,
loadText26,只要我们坚持得够久，就能做成任何想做的事。,,,
loadText27,最终，重要的不是你生命中的岁月，而是你岁月中的生命。,,,
loadText28,态度是一件小事，却能带来巨大的改变。,,,
loadText29,无论你走到哪里，都要传播爱。让任何来找你的人，离开时都比来时更快乐。,,,
loadText30,创造力是智慧在玩耍。,,,
loadText31,问题不是停止的标志，而是指导方针。,,,
loadText32,最重要的是尽力激励人们，使他们能够在自己想做的事情上取得成功。,,,
loadText33,你要成为你想在世界上看到的改变。,,,
loadText34,我们最大的弱点在于放弃。最可靠的成功之道永远是再试一次。,,,
loadText35,相信自己能做到，你就已经成功了一半。,,,
loadText36,每天动脑30分钟，你会睡的更香。,,,
loadText37,今天消除的成语，是明日脱口而出的闪光。,,,
loadText38,勇气是抵抗恐惧、控制恐惧，而不是没有恐惧。,,,
loadText39,仰望星空，脚踏实地。,,,
loadText40,锻炼你的大脑，放松你的心灵。,,,
loadText41,放松手指，享受这美妙时刻。,,,
loadText42,人生最令人满足的事，就是能够将自己的很大一部分奉献给他人。,,,
loadText43,不要沉湎于过去，不要幻想未来，专注于当下。,,,
loadText44,黑暗无法驱散黑暗，只有光明才能做到。仇恨无法驱散仇恨，只有爱才能做到。,,,
loadText45,重要的不是发生在你身上的事情，而是你对此如何反应。,,,
loadText46,世界上最美好、最美丽的事物是看不见或摸不着的，必须用心去感受。,,,
loadText47,它总是看起来不可能，直到它完成为止。,,,
loadText48,我无法给你一个保证成功的方法，但我可以给你一个失败的公式：试图时时刻刻取悦所有人。,,,
loadText49,预测未来的最佳方式就是亲手创造它。,,,
loadText50,勇气并非总是咆哮。有时勇气是一天结束时那个小小的声音，说着“明天我会再试一次”。,,,
loadText51,昨天是历史，明天是未知，今天是礼物，这就是我们为什么称它为现在。,,,
loadText52,完美是无法实现的，但只要我们追求完美，我们就能获得卓越。,,,
loadText53,做你内心认为正确的事——反正你都会被批评。,,,
loadText54,生活中的许多失败者，是那些在放弃时没有意识到自己离成功有多近的人。,,,
loadText55,幸福不在于拥有财物，也不在于黄金，幸福存在于心灵之中。,,,
loadText56,人们会忘记你说过的话，也会忘记你做过的事，但他们永远不会忘记你让他们感受到的情感。,,,
loadText101,——《成语消：禅意之境》,,,