文案Key,推送标题,推送文案,,,,,,,,,,,,,,,,,,
PushKey,PushTitleZH,PushTextZH,,,,,,,,,,,,,,,,,,
M1,📖5分钟小练,🧘给自己 5 分钟，闯 5 关清心。你想试试吗？,,,,,,,,,,,,,,,,,,
M2,✍️99字晨练,☘️醒醒脑、净净心，今天的禅关等着你。你敢不敢全解？,,,,,,,,,,,,,,,,,,
M3,😊 晨间一笑,🌅 对着镜子微笑。每天早晨这样做，你就会开始看到生活中的巨大变化。,,,,,,,,,,,,,,,,,,
M4,🌅 早安，解谜人,💡新的关卡在等你，早餐前你能解几关？,,,,,,,,,,,,,,,,,,
M5,☘️36词晨修,📜 早起一炷香，字字见禅心。你今天填字了吗？,,,,,,,,,,,,,,,,,,
M6,🌅 晨间一词,✍️ 晨间一词，胜过午后千言。今天你学了吗？,,,,,,,,,,,,,,,,,,
M7,🌟每日奖励,打开你今天的第一份礼物🎁,,,,,,,,,,,,,,,,,,
M8,🚪 不必取悦,💎 我无法给你一个保证成功的方法，但我可以给你一个失败的公式：试图时时刻刻取悦所有人。,,,,,,,,,,,,,,,,,,
M9,🧘 晨间心流,🌅 借一道简单的谜题，寻得你平静的节拍。,,,,,,,,,,,,,,,,,,
M10,🧩 晨间静好,📜 平静的谜题，陪你开启新一天。,,,,,,,,,,,,,,,,,,
M11,☀️ 晨光醒来,🌅 用今日第一道谜题，唤醒你的脑子。,,,,,,,,,,,,,,,,,,
M12,🍃 醒神时刻,🌿 一道清新谜题，给一天开个好头。,,,,,,,,,,,,,,,,,,
M13,💡成语晨修,一日之计在于晨，字字皆有机锋。你解到第几重了？🎯,,,,,,,,,,,,,,,,,,
M14,📝一日之计_ _ _,🧠🧩7 字谚语，藏了3字。你悟了吗？,,,,,,,,,,,,,,,,,,
M15,🐦 醒醒，该起了,☀️ 今日首题，等你来醒神。,,,,,,,,,,,,,,,,,,
M16,☀️ 早安，字谜高手,🧩 一道新谜题在等你，你能在早餐前解出来吗？,,,,,,,,,,,,,,,,,,
M17,📝_ _ _ _，日落而息,🧠🧩8 字谚语，露了一半。你想到上半句了吗？,,,,,,,,,,,,,,,,,,
M18,🌸 晨光里醒醒,🌿今日一题，唤醒你的脑。,,,,,,,,,,,,,,,,,,
M19,💗 以爱相迎,✨ 无论你走到哪里，都要传播爱。让任何来找你的人，离开时都比来时更快乐。,,,,,,,,,,,,,,,,,,
M20,✨ 晨间满电,🍃 今日首题，一道清新谜题，陪你开始一天。,,,,,,,,,,,,,,,,,,
A1,📝山不_ _有仙_ _,🧠🧩8 字谚语，露了一半。你会解吗？,,,,,,,,,,,,,,,,,,
A2,💭 心态占比,🌱 生活 10% 取决于你如何创造，90% 取决于你如何对待。,,,,,,,,,,,,,,,,,,
A3,📝莫_ _白了_ _ _,🧠🧩7 字谚语露了3字，你能猜出剩下5个吗？,,,,,,,,,,,,,,,,,,
A4,🌸 歇一歇吧,✨ 一道字谜，放松你的脑子。,,,,,,,,,,,,,,,,,,
A5,✨ 此刻正好,🎮 放松手指，享受这美妙时刻。,,,,,,,,,,,,,,,,,,
A6,🌸外传教别拈花微笑🌷🌷,🧩 8 字里藏一段禅宗公案，你解得出原文吗？,,,,,,,,,,,,,,,,,,
A7,💖吉日,✨ 今天字字皆吉，有好事等你。你来吗？,,,,,,,,,,,,,,,,,,
A8,✨ 转念之间,🌱 一旦你用积极的想法取代消极的想法，你就会开始得到积极的结果。,,,,,,,,,,,,,,,,,,
A9,🧘修行练习,🎁 今天有好运等你。今天来一题？,,,,,,,,,,,,,,,,,,
A10,🛩️暂时逃离现实吧！  ,🧠成语谜题让你的大脑焕然一新！,,,,,,,,,,,,,,,,,,
A11,🍃 让心歇一会,🧩 文字谜题，给大脑一份新的开始。,,,,,,,,,,,,,,,,,,
A12,🤲 乐在给予,🌟 人生最令人满足的事，就是能够将自己的很大一部分奉献给他人。,,,,,,,,,,,,,,,,,,
A13,你能通过吗 ❓,🎯 36 全新的关卡正等待着你！,,,,,,,,,,,,,,,,,,
A14,❤️应无所心而生其住,📜 《金刚经》的这句话，反了两个字，你发现了吗？,,,,,,,,,,,,,,,,,,
A15,🏆莲心榜开启！,🎯抓紧冲榜吧,,,,,,,,,,,,,,,,,,
A16,📝不忘_ _方得_ _,🧠🧩8 字谚语露了4字，你想到了吗？,,,,,,,,,,,,,,,,,,
A17,🏁 30 秒拼词,"🍋 30 秒内，拼出成语 ""梨 孔 让 融""。",,,,,,,,,,,,,,,,,,
A18,📝不积_ _无以成_ _,🧠🧩8 字谚语，露了一半。你会解吗？,,,,,,,,,,,,,,,,,,
A19,😭😄🙅🉐,🧠这是一个成语！你猜出来了吗？,,,,,,,,,,,,,,,,,,
A20,⏱️ 倒计时,"💧🌙 30 秒内，组出 花水镜月, 你来挑战？👓🌸",,,,,,,,,,,,,,,,,,
A21,🥜🐉🔥🐯,🔎这是一个成语！你想到了吗？,,,,,,,,,,,,,,,,,,
A22,🚴 平衡之道,🌅 生活就像骑自行车。要保持平衡，你必须不断前进。,,,,,,,,,,,,,,,,,,
A23,🈚海岸无苦边头是回,打乱的8个字里藏着禅机，你认出来了吗？📿,,,,,,,,,,,,,,,,,,
A24,🌸 日常之美,☕ 幸福的真正秘诀在于对日常生活的所有细节产生真正的兴趣。,,,,,,,,,,,,,,,,,,
A25,☕ 歇 5 分钟吧,🌿 用文字与字母，放松你的脑子。,,,,,,,,,,,,,,,,,,
A26,🌅 你认为自己能解决它吗？ , 🧘 只有20%的人能做到！点击试试看！,,,,,,,,,,,,,,,,,,
A27,🧘 你能通过吗,🌅 新关卡已就位，等你。,,,,,,,,,,,,,,,,,,
A28,💪 再试一次,🌅 我们最大的弱点在于放弃。最可靠的成功之道永远是再试一次。,,,,,,,,,,,,,,,,,,
E1,🌟 小小勇气,"🕯️ 勇气并非总是咆哮。有时勇气是一天结束时那个小小的声音，说着 ""明天我会再试一次""。",,,,,,,,,,,,,,,,,,
E2,🎃🌪️🎃🐍,🧠这是一个成语！你猜到了吗？,,,,,,,,,,,,,,,,,,
E3,⏳300秒闯关,300 秒倒计时，过关就是修行。你今天能过几关？💡,,,,,,,,,,,,,,,,,,
E4,☀️ 以光换暗,🕊️ 黑暗无法驱散黑暗，只有光明才能做到。仇恨无法驱散仇恨，只有爱才能做到。,,,,,,,,,,,,,,,,,,
E5,📝_ _ _成功_ _,🧠修行 7 字，开头已知。你能解出几个？,,,,,,,,,,,,,,,,,,
E6,🐍🦂🍓👱🏻‍♀️ ,🔎这是一个成语！你想到了吗？,,,,,,,,,,,,,,,,,,
E7,🏆破纪录,💡你已经超过 99% 的玩家，今天再破一关？,,,,,,,,,,,,,,,,,,
E8,📝磨刀_ _ _ _ _,🧠🧩7 字谚语，露了 2 字。你会解吗？,,,,,,,,,,,,,,,,,,
E9,💪高手请就位,🧩 展示你的实力，立即挑战今天的谜题吧！,,,,,,,,,,,,,,,,,,
E10,🈳👄🈚🍾,🧠这是一个成语！你猜出来了吗？,,,,,,,,,,,,,,,,,,
E11,💗 用心看见,🌸 世界上最美好、最美丽的事物是看不见或摸不着的，必须用心去感受。,,,,,,,,,,,,,,,,,,
E12,📝_ _光阴_ _ _,🧠🧩7 字谚语只露2字，你能猜出剩下5个吗？,,,,,,,,,,,,,,,,,,
E13, 🧘需要完美大师！ , 💡展示你的才华，立即挑战今天的谜题吧！,,,,,,,,,,,,,,,,,,
E14,❤️🈵1️⃣🦶 ,🔎这是一个成语！你想到了吗？,,,,,,,,,,,,,,,,,,
E15,📿36重禅关，一字一世界 ,四字成语里藏着半部禅史。你解到第几重了？💡,,,,,,,,,,,,,,,,,,
E16,🌅 今日脑力时刻,🧘 今日谜题，你能解出几道？,,,,,,,,,,,,,,,,,,
E17,🌫️🍐👀🌷,🧠这是一个成语！你猜出来了吗？,,,,,,,,,,,,,,,,,,
E18,🕊️ 让脑子放个假,🦋 一道谜题，给大脑换一种开始。,,,,,,,,,,,,,,,,,,
E19,📝千里_ _始于_ _,🧠🧩 8 字只露 4 字，看字知禅意，你能补出来吗？,,,,,,,,,,,,,,,,,,
E20,🌙睡个好觉,⭐每天动脑30分钟，你会睡的更香。,,,,,,,,,,,,,,,,,,
E21,📝不积_ _无以至_ _,🧠🧩 9 字藏了 4 字，看字填词，你想到了吗？,,,,,,,,,,,,,,,,,,
E22,🧘 身心同修,🧠 锻炼你的大脑，放松你的心灵。,,,,,,,,,,,,,,,,,,
E23,🌟 千万别放弃,💪  生活中的许多失败者，是那些在放弃时没意识到自己离成功有多近的人。,,,,,,,,,,,,,,,,,,
E24,📝_不在_有龙则_,🧠🧩8 字谚语，藏了 3 字。你会解吗？,,,,,,,,,,,,,,,,,,
E25,💡🔥辉🟨,🧠这是哪个成语！你猜出来了吗？,,,,,,,,,,,,,,,,,,
E26,🚀立即开始,🧩 取得进步的秘诀，就是开始行动。,,,,,,,,,,,,,,,,,,
E27,❤️自心无挂脱洒碍在,🧩 8 字里藏一句《心经》真言，你认得是哪个吗？,,,,,,,,,,,,,,,,,,
E28,📝_ _ _ _苦作舟,🧠🧩半部谚语已露，你能猜出剩下那半部吗？,,,,,,,,,,,,,,,,,,
R1,🕊️ 别来无恙,🧩 还记得你创造的通关纪录吗？,,,,,,,,,,,,,,,,,,
R2,Hello👋今天过得怎样？🤗 ,🌿 🧘 来道谜题，放空一下？,,,,,,,,,,,,,,,,,,
R3,💗 你还好吗,✨ 来道谜题，让脑子放个假？,,,,,,,,,,,,,,,,,,
R4,💪 新关卡等你来挑战,我们大变样了，打开有惊喜哟💌,,,,,,,,,,,,,,,,,,
R5,🙋‍♀️ 新内容首批体验资格🗝️,💭真的不来试试吗🙏,,,,,,,,,,,,,,,,,,