价格,商品名（发布用）,商品名ID,礼包类型,基础权重,礼包权重上限,节日/周末权重,高峰权重,流失回归,内购推荐位,,,,,,,,,,,,,
这列忽略,这列忽略,nameID,GiftType,BaseWeight,MaxWeight,SpecialWeight,PeakWeight,ReturnWeight,Featured,,,,,,,,,,,,,
0.99,萤火礼盒,BulbBox01,1,31,,100,0,300,1,,,,,,,,,,,,,
1.99,烛火礼盒,BulbBox02,2,0,15,0,30,150,1,,,,,,,,,,,,,
2.99,灯火礼盒,BulbBox03,2,0,30,111,25,200,1,,,,,,,,,,,,,
5.99,明光礼盒特惠,ItemBox01,3,0,45,105,0,0,1,,,,,,,,,,,,,
8.99,明光礼盒,BulbBox04,4,15,15,0,0,0,1,,,,,,,,,,,,,
9.99,慧光礼盒,BulbBox05,4,0,30,0,15,0,1,,,,,,,,,,,,,
12.9,心灯礼盒,BulbBox06,5,0,45,100,0,0,1,,,,,,,,,,,,,
4.99,小金袋,GoldBag1,3,5,5,0,0,100,2,,,,,,,,,,,,,
9.99,大金袋,GoldBag2,4,0,15,0,0,0,2,,,,,,,,,,,,,
6.99,小福袋,LuckyBag1,3,5,5,0,0,100,3,,,,,,,,,,,,,
12.99,大福袋,LuckyBag2,5,0,15,0,0,0,3,,,,,,,,,,,,,