商品ID,商品名ID（和华为商店注册的商品一致）,商品类型,商品名（发布用）,商品简介,商品大类,商品内容,"划线价格-原价
（新增）","展示价格
（新增）","计算价格
（人民币）",展示图,"名称key（游戏内展示）
本地化文本表 - 成语消：禅意之境 ",说明文本,感叹号说明,是否首页展示,正常排序,首页排序,弹出条件,限时时间,折扣文案显示（适用海外）,"新增：折扣文案显示
（大陆）",新增：固定标签文案显示,限购次数,新增：礼包档位,换算总金币价值,这列右侧研发不用管，策划用于核算价格设计,演算折扣（策划用）,金币,去广告,"无限体力
（小时）",提示道具,火箭道具,复活道具,蝴蝶,换算总金币价值,"换算
100金币价值",单个提示道具分成后收入,单激励广告收入（鸿蒙）,倍率
id,nameID,purchaseType,,,type,productContent,OriginalPrice,SalePrice,,showIcon,name,des,pointDes,isHomeDisplay,sort,homeSort,unlock,limitedTime,discount,discountZh,LabelZh,Limited,GiftType,CoinValue,,,,,,,,60,60,CoinValue,,,,
,RemoveADS,1,去除广告,去除主动弹出的广告,1,去除主动弹出的广告,,9.99,10,,RemoveAds,,,1,9,,,,,,推荐,,,,,,300,,,,,,,,,,,
,RemoveAdsWeekly,0,去除广告一周,去除主动弹出的广告一周,1,去除主动弹出的广告一周,5,0.99,3,,,,,,,,,,,2 折,,,,,,,300,7,,,,,,,,,,
0,Gold0,0,200个金币,商店中固定展示，通用货币,0,0;200,,2,2,gold0,,,,1,10,7,,,,,,,2,200,,,200,,,,,,,200,1.00 ,0.48 ,0.03,16.00 
1,Gold1,0,小堆金币B,商店中固定展示，通用货币,0,0;1000,,8,8,gold0,,,,1,11,8,,,-20%,,,,3,1000,,80.0%,1000,,,,,,,1000,0.80 ,0.38 ,0.03,12.80 
2,Gold2,0,小堆金币C,商店中固定展示，通用货币,0,0;2500,,18,18,gold1,,,,1,12,9,,,-25%,,,,5,2500,,72.0%,2500,,,,,,,2500,0.72 ,0.35 ,0.03,11.52 
,Gold30,0,一堆金币G,商店中固定展示，通用货币,0,0;4280,,30,30,gold1,,,,1,13,,,,-40%,,,,6,4280,,70.1%,4280,,,,,,,4280,0.70 ,0.34 ,0.03,11.21 
3,Gold3,0,一堆金币D,商店中固定展示，通用货币,0,0;5000,50,40,40,gold3,,,,,,,,,8,,,,7,5000,,80.0%,5000,,,,,,,5000,0.80 ,0.38 ,0.03,12.80 
4,Gold4,0,大堆金币E,商店中固定展示，通用货币,0,0;12000,,80,80,gold2,,,,1,14,,,,-50%,,,,8,12000,,66.7%,12000,,,,,,,12000,0.67 ,0.32 ,0.03,10.67 
5,Gold5,0,大堆金币F,商店中固定展示，通用货币,0,0;32000,,160,160,gold2,,,,1,15,,,,-60%,,,,9,32000,,50.0%,32000,,,,,,,32000,0.50 ,0.24 ,0.03,8.00 
,Gold6,0,小堆金币A,弹窗推送商品,0,0;600,,3,3,,,,,,,,,,,5 折,,,2,600,,50.0%,600,,,,,,,600,0.50 ,0.24 ,0.03,8.00 
,NewcomerBox,0,迎新礼包,新手礼包，商店中置顶展示,2,0;450#2;5#3;1,10,0.99,1,,WelcomePack,,,1,3.5,,,,-90%,1 折,新人礼,1,1,1000,,10.0%,450,,,5,1,,,1000,0.10 ,0.05 ,0.03,1.60 
,SpecialPackageA,0,特惠礼包A,特惠礼包，商店中动态展示,2,0;880#2;8#3;3,,3.99,4,,SpecialOffer,,,,,,,,,2 折,,,3,1970,,20.3%,880,,,8,3,,,1970,0.20 ,0.10 ,0.03,3.25 
,SpecialPackageB,0,特惠礼包B,特惠礼包，商店中动态展示,2,0;1080#2;9#3;3#2;3#8;3#1;3,,7.99,8,,SpecialOffer,,,,,,,,,3 折,,,3,2610,,30.7%,1080,1,,9,3,3,3,2610,0.31 ,0.15 ,0.03,4.90 
6,Box0,0,初心礼包,普通礼包，商店中固定展示,2,0;1280#9;1#2;6#3;2#8;2#1;2,,11.99,12,shopgift1,ShopBoxName01,,,1,4,5,,,-10%,,推荐,,5,2300,,52.2%,1280,1,1,6,2,2,2,2300,0.52 ,0.25 ,0.03,8.35 
7,Box1,0,小悟礼包,中等礼包，商店中固定展示,2,0;1880#9;3#2;8#3;8#8;8#1;8,,29.99,30,shopgift2,ShopBoxName02,,,1,5,,,,-15%,,,,6,4680,,64.1%,1880,7,3,8,8,8,8,4680,0.64 ,0.31 ,0.03,10.26 
8,Box2,0,明心礼包,大礼包，商店中固定展示,2,0;3680#9;12#2;16#3;16#8;16#1;16,,68,68,shopgift3,ShopBoxName03,,,1,6,,,,-20%,,,,7,9280,,73.3%,3680,0,12,16,16,16,16,9280,0.73 ,0.35 ,0.03,11.72 
9,Box3,0,大觉礼包,特大礼包，商店中固定展示,2,0;5880#9;36#2;32#3;32#8;32#1;32,,98,98,shopgift4,ShopBoxName04,,,1,7,6,,,-30%,,千人复购,,8,17080,,57.4%,5880,0,36,32,32,32,32,17080,0.57 ,0.28 ,0.03,9.18 
,Box4,0,圆满礼包,超大礼包，商店中固定展示,2,0;20800#9;72#2;64#3;64#1;64,,198,198,,ShopBoxName05,,,1,8,,,,,,聚划算,,9,43200,,45.8%,20800,0,72,64,64,64,64,43200,0.46 ,0.22 ,0.03,7.33 
,BulbBox01,0,萤火礼盒,灯泡礼包，灯泡道具弹窗推荐位,2,0;120#2;9#3;1,10,0.99,1,,BulbBoxName01,,,,,,,,,1 折,新人礼,1,1,990,,10.1%,120,,,9,1,,,990,0.10 ,0.05 ,0.03,1.62 
,BulbBox02,0,烛火礼盒,灯泡礼包，灯泡道具弹窗推荐位,2,0;150#2;12#3;1,12.5,1.99,2,,BulbBoxName02,,,,,,,,,1.5折,特惠,,2,1260,,15.9%,150,,,12,1,,0,1260,0.16 ,0.08 ,0.03,2.54 
,BulbBox03,0,灯火礼盒,灯泡礼包，灯泡道具弹窗推荐位,2,0;180#2;15#1;1,15,2.99,3,,BulbBoxName03,,,,,,,,,2 折,,,2,1440,,20.8%,180,,,15,0,,1,1440,0.21 ,0.10 ,0.03,3.33 
10,ItemBox01,0,明光礼盒特惠,灯泡礼包，灯泡道具弹窗推荐位,2,0;200#2;18#1;1,,5.99,6,,BulbBoxName04,,,,,,,,-25%,,特惠,,3,1700,,35.3%,200,,,18,0,,1,1700,0.35 ,0.17 ,0.03,5.65 
,BulbBox04,0,明光礼盒,灯泡礼包，灯泡道具弹窗推荐位,2,0;200#2;18#1;1,,8.99,9,,BulbBoxName05,,,,,,,,,,,,4,1700,,52.9%,200,,,18,0,,1,1700,0.53 ,0.25 ,0.03,8.47 
,BulbBox05,0,慧光礼盒,灯泡礼包，灯泡道具弹窗推荐位,2,0;220#2;20#3;1,,9.99,10,,BulbBoxName06,,,,,,,,,,畅销,,4,1970,,50.8%,220,,,20,1,,,1970,0.51 ,0.24 ,0.03,8.12 
,BulbBox06,0,心灯礼盒,灯泡礼包，灯泡道具弹窗推荐位,2,0;280#2;28#3;1,,12.9,13,,BulbBoxName07,,,,,,,,,,最划算,,5,2670,,48.7%,280,,,28,1,,,2670,0.49 ,0.23 ,0.03,7.79 
,GoldBag1,0,小金袋,金币礼包，灯泡道具弹窗推荐位,2,0;500#1;1,,4.99,5,,LittleGoldBag,,,,,,,,,,,,3,560,,89.3%,500,,,,,,1,560,0.89 ,0.43 ,0.03,14.29 
,GoldBag2,0,大金袋,金币礼包，灯泡道具弹窗推荐位,2,0;1000#3;1,,9.99,10,,BigGoldBag,,,,,,,,,,,,4,1150,,87.0%,1000,,,,1,,,1150,0.87 ,0.42 ,0.03,13.91 
,LuckyBag1,0,小福袋,小型礼包，灯泡道具弹窗推荐位,2,0;600#2:1#3;1#8;1#2;1,,6.99,7,,LittleGiftBag,,,,,,,,,,平价尝鲜,,3,890,,78.7%,600,,,1,1,1,1,890,0.79 ,0.38 ,0.03,12.58 
,LuckyBag2,0,大福袋,小型礼包，灯泡道具弹窗推荐位,2,0;1000#2:1#3;1#8;1#2;1,,12.99,13,,BigGiftBag,,,,,,,,,,,,5,1580,,82.3%,1000,,,2,2,2,2,1580,0.82 ,0.39 ,0.03,13.16 
,RocketBox010,0,飞驰礼盒,火箭礼包，火箭道具弹窗推荐位,2,0;30#3;5#2;1,,0.99,1,,RocketBoxName01,,,,,,,,,1 折,新人礼,1,1,860,,11.6%,30,,,1,5,,,860,0.12 ,0.06 ,0.03,1.86 
,RocketBox011,0,破空礼盒特惠,火箭礼包，火箭道具弹窗推荐位,2,0;60#3;8#1;1,,3.99,4,,RocketBoxName02,,,,,,,,,3 折,,,3,1320,,30.3%,60,,,,8,,1,1320,0.30 ,0.15 ,0.03,4.85 
,RocketBox02,0,破空礼盒,火箭礼包，火箭道具弹窗推荐位,2,0;60#3;8#1;1,,7.99,8,,RocketBoxName03,,,,,,,,,,,,3,1320,,60.6%,60,,,,8,,1,1320,0.61 ,0.29 ,0.03,9.70 
11,ItemBox02,0,凌霄礼盒,火箭礼包，火箭道具弹窗推荐位,2,0;180#3;12#1;3,,9.99,10,,RocketBoxName04,,,,,,,,-30%,,热门,,4,2160,,46.3%,180,,,,12,,3,2160,0.46 ,0.22 ,0.03,7.41 
,ClockBox01,0,从容礼盒,复活礼包，复活弹窗推荐位,2,0;100#8;12#1;2,10,0.99,1,,ClockBoxName01,,,,,,,,,1 折,新人礼,1,1,940,,10.6%,100,,,,,12,2,940,0.11 ,0.05 ,0.03,1.70 
,ClockBox02,0,悠然礼盒特惠,复活礼包，复活弹窗推荐位,2,0;120#8;16#1;2,,2.99,3,,ClockBoxName02,,,,,,,,,2.5折,,,2,1200,,25.0%,120,,,,,16,2,1200,0.25 ,0.12 ,0.03,4.00 
,ClockBox03,0,悠然礼盒,复活礼包，复活弹窗推荐位,2,0;120#8;16#1;2,,7.99,8,,ClockBoxName03,,,,,,,,,,,,3,1200,,66.7%,120,,,,,16,2,1200,0.67 ,0.32 ,0.03,10.67 
,ClockBox04,0,逍遥礼盒,复活礼包，复活弹窗推荐位,2,0;180#8;24#1;3,,9.99,10,,ClockBoxName04,,,,,,,,,,畅销,,4,1800,,55.6%,180,,,,,24,3,1800,0.56 ,0.27 ,0.03,8.89 
12,FreeGoods,-1,免费商品,,3,0;50,,,,,,,,1,1,1,,24,,,,,,,,,,,,,,,,,,,0.03,
13,GoldGoods,-1,金币商品,,4,2;3,,,200,,,,,1,2,2,,24,-15%,,,,,,,,,,,,,,,,,,0.03,
14,SingleGoods,0,单一道具商品,小型道具礼包,5,2;6,,,3,,,,,1,3,3,,24,-30%,6 折,,,,48000%,,62.5%,,,,6,,,,480,0.63 ,0.30 ,0.03,10.00 
,SingleClockS,0,单一道具商品,小型复活礼包,5,8;24,,,3,,,,,,,,,,,6 折,,,,48000%,,62.5%,,,,,,8,,480,0.63 ,0.30 ,0.03,10.00 
15,BoxTime,0,限时礼包,限时礼包，商店中动态展示,2,0;560#2;8#3;2,,5.99,6,adsgift,ShopBoxName07,,,0,,4,,,-40%,4 折,,,3,1500,,40.0%,560,,,8,2,,,1500,0.40 ,0.19 ,0.03,6.40 