分层标记,广告追踪权限,活跃周期天数N,付费状态,"单次付费最大金额A
",付费累积次数,"提示及复活道具
广告获取失败策略",破碎冰块动态视频点,"插屏控制参数
广告规则通用配置 ",广告追踪激励策略,特惠礼包的主动弹出,,,,,,,,,
UserLayer,,,,,,AdFailed,BrokenIce,InterAdsGroup,AdTrackingStimulate,先不做,,,,,,,,,
IAP14,,,已付费,≥25,,1_2_150_2_1_1,1_0.1,0,0_0,开,,,,,,,,,
IAP13,,,已付费,25＞A＞9,,1_2_150_2_2_2,1_0.2,2,0_0,开,,,,,,,,,
IAP12,,,已付费,≤9,＞1,1_2_120_3_2_2,1_0.5,2,0_0,开,,,,,,,,,
IAP11,,,已付费,≤9,1,1_2_90_4_-1_3,1_0.6,1,0_0,开,,,,,,,,,
IAA00,未通过,≤3,未付费,,,0_1_60_-1_-1_-1,1_1,1,0_0,关,,,,,,,,,
IAA10,通过,≤3,未付费,,,0_1_60_-1_-1_-1,1_1,1,0_0,关,,,,,,,,,
IAA01,未通过,14＞N＞3,未付费,,,1_1_120_4_2_2,1_0.5,3,1_200,开,,,,,,,,,
IAA11,通过,14＞N＞3,未付费,,,1_1_60_4_-1_3,1_0.8,1,0_0,开,,,,,,,,,
IAA02,未通过,N≥14,未付费,,,1_1_120_3_1_1,1_0.3,3,1_500,开,,,,,,,,,
IAA12,通过,N≥14,未付费,,,0_1_60_-1_-1_3,1_0.6,1,0_0,开,,,,,,,,,