主题id,主题图片名称,主题名称,,,,,,,,,,,,,,,,,
id,iconName,themeName,,,,,,,,,,,,,,,,,
0,theme01,ThemeName01,,,,,,,,,,,,,,,,,
1,theme02,ThemeName02,,,,,,,,,,,,,,,,,
2,theme03,ThemeName03,,,,,,,,,,,,,,,,,
3,theme04,ThemeName04,,,,,,,,,,,,,,,,,
4,theme05,ThemeName05,,,,,,,,,,,,,,,,,
5,theme06,ThemeName06,,,,,,,,,,,,,,,,,
6,theme07,ThemeName07,,,,,,,,,,,,,,,,,
7,theme08,ThemeName08,,,,,,,,,,,,,,,,,
8,theme09,ThemeName09,,,,,,,,,,,,,,,,,
9,theme10,ThemeName10,,,,,,,,,,,,,,,,,
10,theme11,ThemeName11,,,,,,,,,,,,,,,,,
11,theme12,ThemeName12,,,,,,,,,,,,,,,,,
12,theme13,ThemeName13,,,,,,,,,,,,,,,,,
13,theme14,ThemeName14,,,,,,,,,,,,,,,,,
14,theme15,ThemeName15,,,,,,,,,,,,,,,,,